from ,to
TH,FCB
FCB,TH
TH,AVFC
AVFC,TH
TH,ARD
ARD,TH
SH,Reha-Welt
Reha-Welt,SH
SH,NeckarPark
NeckarPark,SH
SH,Arena Betrieb
Arena Betrieb,SH
SH,Marketing
Marketing,SH
SH,Beteiligung
Beteiligung,SH
SH,Fussballverband
Fussballverband,SH
SH,VSD
VSD,SH
JR,Marketing
Marketing,JR
JR,Sponsorcom
Sponsorcom,JR
JR,IMG
IMG,JR
OS,DFL
DFL,OS
OS,FIFA
FIFA,OS
OS,VfL
VfL,OS
CV,Intesia
Intesia,CV
CV,PlayFair
PlayFair,CV
CV,Bosch
Bosch,CV
CV,Haniel
Haniel,CV
CV,Metro
Metro,CV
WP,Daimler
Daimler,WP
RA,DFB
DFB,RA
BG,Horvath
Horvath,BG
BG,RECARO
RECARO,BG
HJ,Kaercher
Kaercher,HJ
HO,Toto-Lotto
Toto-Lotto,HO
FR,Daimler
Daimler,FR
BS,Courage
Courage,BS
BS,Bosch
Bosch,BS